CreditScore,Geography,Gender,Age,Tenure,Balance,Num Of Products,Has Credit Card,Is Active Member,Estimated Salary,Churn
596,Germany,Male,32,3,96709.07,2,0,0,41788.37,0
623,France,Male,43,1,0.0,2,1,1,146379.3,0
601,Spain,Female,44,4,0.0,2,1,0,58561.31,0
506,Germany,Male,59,8,119152.1,2,1,1,170679.74,0
560,Spain,Female,27,7,124995.98,1,1,1,114669.79,0
790,Spain,Male,37,8,0.0,2,1,1,149418.41,0
439,Spain,Female,32,3,138901.61,1,1,0,75685.97,0
597,Germany,Female,22,6,101528.61,1,1,0,70529.0,1
678,Spain,Female,40,4,113794.22,1,1,0,16618.76,0
464,Germany,Female,42,3,85679.25,1,1,1,164104.74,0
481,France,Female,57,9,0.0,3,1,1,169719.35,1
651,France,Female,56,4,0.0,1,0,0,84383.22,1
850,France,Male,47,6,0.0,1,1,0,187391.02,1
687,Germany,Female,41,2,154007.21,1,1,0,158408.23,0
696,France,Male,19,1,110928.51,1,1,1,2766.63,0
612,Spain,Female,36,5,119799.27,2,1,0,159416.58,0
586,Spain,Female,57,3,0.0,2,0,1,6057.81,0
425,Germany,Male,40,9,166776.6,2,0,1,172646.88,0
643,Spain,Male,43,1,0.0,2,1,1,145764.4,0
641,France,Female,37,2,0.0,2,1,0,3939.87,0
795,France,Female,40,2,101891.1,1,1,1,183044.86,0
762,France,Male,35,9,0.0,2,1,1,43075.7,0
687,France,Female,44,9,0.0,2,0,0,103042.2,1
850,Spain,Male,37,4,88141.1,1,1,0,109659.12,0
753,France,Female,62,6,0.0,2,1,1,136398.9,0
678,France,Female,49,3,204510.94,1,0,1,738.88,1
578,Germany,Male,34,8,147487.23,2,1,0,66680.77,0
825,France,Male,29,3,148874.01,2,0,1,71192.82,0
696,Spain,Female,30,0,0.0,2,1,1,9002.8,0
457,France,Male,40,10,134320.23,2,1,0,150757.35,0
680,France,Female,30,8,141441.75,1,1,1,16278.97,0
819,France,Female,38,10,0.0,2,1,0,30498.7,0
510,France,Female,45,10,103821.47,2,0,1,77878.62,0
567,France,Male,36,1,0.0,2,0,0,8555.73,0
638,Spain,Male,34,5,146679.77,1,1,0,102179.86,0
579,Spain,Male,56,4,99340.83,1,0,0,4523.74,1
715,Germany,Female,37,9,105489.31,1,0,0,143096.49,1
587,Spain,Female,34,1,0.0,2,1,1,97932.68,0
711,Spain,Male,38,3,128718.78,1,0,0,114793.45,0
741,France,Female,36,3,0.0,2,1,1,89804.83,0
688,France,Male,38,7,148045.68,1,1,0,175479.92,1
475,France,Female,45,0,134264.04,1,1,0,27822.99,1
567,France,Male,36,7,0.0,2,0,1,3896.08,0
440,France,Male,42,2,0.0,2,1,0,49826.68,0
741,France,Male,42,6,106036.52,1,1,0,194686.78,1
582,Germany,Male,41,6,70349.48,2,0,1,178074.04,0
613,France,Male,26,4,100446.57,1,0,1,149653.81,0
692,Germany,Female,43,2,69014.49,2,0,0,164621.43,0
521,France,Male,38,5,110641.18,1,0,1,136507.69,1
759,Spain,Female,35,7,147936.42,1,1,1,106785.7,0
715,Germany,Male,42,2,88120.97,2,1,1,21333.22,0
711,France,Female,39,3,152462.79,1,1,0,90305.97,0
554,France,Female,44,6,92436.86,1,1,0,126033.9,0
651,Germany,Male,35,8,110067.71,1,1,0,127678.95,1
495,Spain,Female,45,3,89158.94,3,1,0,135169.76,1
805,France,Male,39,2,0.0,1,0,0,166650.32,0
829,Spain,Female,26,8,101440.36,2,1,1,19324.5,0
583,France,Female,40,4,55776.39,2,1,0,26920.43,0
686,France,Female,43,0,0.0,1,1,1,170072.9,0
505,Germany,Male,40,6,47869.69,2,1,1,155061.97,0
528,France,Male,30,2,128262.72,2,1,0,50771.16,0
677,Spain,Female,34,4,0.0,2,1,1,6175.53,0
660,Germany,Female,37,2,133200.09,1,0,0,71433.88,0
785,Germany,Female,36,2,99806.85,1,0,1,36976.52,0
607,Spain,Female,27,5,100912.19,1,0,0,7631.27,0
603,Spain,Female,39,5,162390.52,2,1,0,54702.66,0
480,France,Female,28,6,0.0,2,0,0,48131.92,0
656,Germany,Male,68,7,153545.11,1,1,1,186574.68,0
631,Germany,Male,48,1,106396.48,1,1,1,150661.42,1
604,Spain,Female,35,7,147285.52,1,1,1,57807.05,0
622,France,Male,32,5,179305.09,1,1,1,149043.78,0
601,Germany,Female,42,9,133636.16,1,0,1,103315.74,0
674,France,Male,46,2,174701.05,1,1,0,90189.72,1
531,France,Male,31,3,0.0,1,1,1,42589.33,0
632,France,Male,32,6,111589.33,1,1,1,170382.99,0
707,France,Female,46,7,127476.73,2,1,1,146011.55,0
723,France,Male,25,3,0.0,2,1,1,134509.47,0
795,Germany,Male,38,7,125903.22,2,1,1,127068.92,0
585,Spain,Male,45,0,0.0,2,0,0,189683.7,0
627,Germany,Female,30,6,57809.32,1,1,0,188258.49,0
546,France,Female,30,5,0.0,2,0,1,198543.09,0
571,Germany,Female,66,9,111577.01,1,0,1,189271.9,0
684,Germany,Male,42,1,117691.0,1,1,1,23135.65,1
636,France,Female,45,7,139859.23,1,1,1,108402.54,0
562,France,Male,48,3,92347.96,1,1,1,163116.75,0
482,Germany,Female,48,2,69329.47,1,0,0,102640.52,1
786,France,Female,62,8,0.0,1,1,1,165702.64,0
747,France,Female,45,1,114959.12,1,1,0,189362.39,1
688,Spain,Male,32,6,124179.3,1,1,1,138759.15,0
699,France,Male,29,3,125689.29,1,1,1,151623.71,0
528,France,Female,32,4,85615.66,2,1,0,156192.43,0
542,France,Female,42,1,0.0,1,1,1,178256.58,1
773,France,Female,50,4,0.0,2,1,0,129372.94,0
675,Spain,Male,33,3,0.0,2,1,0,45348.08,0
652,France,Male,51,7,0.0,2,0,1,43496.36,0
638,Germany,Male,27,4,135096.05,1,1,1,186523.72,1
607,Germany,Male,32,9,144272.07,2,1,0,176580.63,0
594,Germany,Female,23,4,104753.84,2,1,0,56756.52,1
755,France,Male,42,2,119919.12,1,1,0,156868.21,0
555,France,Male,40,10,139930.18,1,1,1,105720.09,0
710,Germany,Male,43,2,140080.32,3,1,1,157908.19,1
823,Germany,Female,53,4,124954.94,1,0,1,131259.6,1
694,France,Male,42,3,156864.2,2,0,0,88890.75,0
584,France,Male,47,5,0.0,2,1,0,89286.29,0
740,France,Male,33,1,129574.98,1,1,1,123300.38,0
511,France,Male,33,7,0.0,2,0,1,158313.87,0
481,France,Male,44,9,175303.06,1,1,0,65500.53,1
488,France,Female,36,0,0.0,2,1,0,136675.22,0
718,France,Male,33,7,102874.28,1,0,0,117841.06,0
523,Germany,Male,41,0,119276.31,1,0,0,122284.38,1
698,France,Male,38,2,130015.24,1,1,1,41595.3,0
555,Germany,Female,51,9,138214.5,1,1,0,198715.27,1
750,France,Female,26,1,151510.17,2,1,1,19921.72,0
779,Germany,Male,33,1,158456.76,1,1,1,197000.92,1
529,France,Male,39,6,102025.08,2,1,0,12351.01,0
618,Spain,Male,33,4,0.0,2,1,1,77550.18,0
790,Germany,Female,34,2,164011.48,1,1,0,199420.41,0
710,Spain,Female,27,2,135277.96,1,1,0,142200.15,0
714,Germany,Female,49,4,93059.34,1,1,0,7571.51,1
850,Spain,Female,54,4,120952.74,1,1,0,66963.15,0
679,France,Male,41,8,147726.98,3,1,0,172749.4,1
794,France,Male,56,9,96951.21,1,1,1,71776.76,0
746,Germany,Female,33,2,107868.14,2,1,1,146192.4,0
470,France,Male,35,1,96473.59,1,0,0,5962.3,0
670,Spain,Male,35,2,124268.64,2,0,1,84321.03,0
669,France,Male,37,1,125529.55,1,1,1,162260.93,0
628,France,Female,31,6,175443.75,1,1,0,113167.17,1
721,Spain,Male,33,5,0.0,2,0,1,117626.9,0
597,Germany,Female,43,7,119127.46,2,1,0,55809.92,0
500,Spain,Female,47,8,128486.11,1,1,0,179227.12,0
494,France,Female,33,1,137853.0,1,0,1,90273.85,0
676,France,Male,29,4,140720.93,1,1,0,36221.18,0
524,Germany,Female,31,10,67238.98,2,1,1,161811.23,0
669,France,Male,57,5,0.0,2,1,1,56875.76,0
598,France,Male,28,8,129991.76,2,0,1,46041.08,0
577,Spain,Female,33,6,0.0,2,1,0,57975.8,0
773,Spain,Male,41,9,102827.44,1,0,1,64595.25,0
602,France,Male,31,7,155271.83,1,1,1,179446.31,0
656,France,Male,39,10,0.0,2,1,1,98894.64,0
725,France,Female,25,9,0.0,2,1,1,168607.74,0
699,Germany,Male,34,4,185173.81,2,1,0,120834.48,0
584,Germany,Female,31,6,152622.34,1,1,0,99298.8,0
628,Germany,Female,51,9,155903.82,2,1,1,71159.84,0
520,Spain,Female,42,6,0.0,2,1,1,34410.55,0
716,Germany,Female,30,2,205770.78,2,0,0,65464.66,0
765,France,Male,43,9,157960.49,2,0,0,136602.8,0
589,France,Female,39,7,0.0,2,0,0,95985.64,0
594,France,Male,57,6,0.0,1,1,0,19376.56,1
521,France,Male,37,2,0.0,2,1,1,86372.24,0
663,Spain,Male,64,6,0.0,2,0,1,15876.52,0
636,France,Female,24,9,0.0,2,0,1,38830.72,0
597,Spain,Male,26,5,0.0,2,0,1,95159.13,0
682,Germany,Female,29,6,101012.77,1,0,0,32589.89,1
691,France,Female,33,6,0.0,2,1,0,164074.89,0
680,Germany,Male,34,6,146422.22,1,1,0,67142.97,1
492,France,Female,48,6,127253.98,1,1,1,92144.09,1
684,Spain,Female,36,5,174180.39,1,1,0,119830.08,0
533,France,Male,36,7,85311.7,1,0,1,156731.91,0
540,Spain,Male,28,8,0.0,2,0,0,197588.32,0
783,Germany,Female,42,2,139707.28,1,1,0,2150.22,0
411,France,Male,29,0,59697.17,2,1,1,53483.21,0
526,France,Male,30,9,0.0,2,0,0,100995.68,0
576,Germany,Male,44,9,119530.52,1,1,0,119056.68,1
497,France,Male,47,6,0.0,1,1,1,90055.08,0
744,France,Male,31,9,120718.28,1,1,1,58961.49,0
582,Germany,Male,32,1,88938.62,1,1,1,10054.53,0
452,France,Female,35,8,0.0,2,1,1,149614.81,0
485,France,Female,39,2,75339.64,1,1,1,70665.16,0
850,France,Female,46,2,157866.77,1,1,1,18986.12,0
649,Spain,Male,36,8,0.0,2,1,0,161668.15,0
661,Spain,Female,28,7,95357.49,1,0,0,102297.15,0
725,France,Male,26,6,98684.15,1,0,0,133720.57,0
624,France,Female,71,4,170252.05,3,1,1,73679.59,1
668,France,Male,46,0,0.0,2,0,0,29388.02,0
706,Spain,Male,28,3,0.0,2,0,1,181543.67,0
553,France,Male,33,4,118082.89,1,0,0,94440.45,0
571,Germany,Male,25,6,82506.72,2,1,0,167705.07,0
477,Germany,Female,58,8,145984.92,1,1,1,24564.7,0
696,France,Female,41,8,0.0,2,0,0,28276.83,0
481,France,Female,39,6,0.0,1,1,1,24677.54,0
639,France,Male,38,3,0.0,1,1,0,42862.82,0
810,Germany,Male,35,3,96814.46,2,1,1,120511.03,0
516,France,Female,42,8,56228.25,1,1,0,46857.52,0
662,Germany,Male,59,2,104568.41,1,1,0,8059.44,1
690,Germany,Male,43,2,166522.78,1,0,0,119644.59,1
500,Spain,Male,38,7,0.0,2,0,0,192013.23,0
656,Spain,Female,40,10,167878.5,1,0,1,151887.16,0
697,France,Male,35,5,133087.76,1,1,0,64771.61,0
718,France,Male,37,8,0.0,2,1,1,142.81,0
501,France,Female,41,3,144260.5,1,1,0,172114.67,0
844,France,Female,28,4,0.0,2,0,1,123318.37,0
710,Spain,Female,75,5,0.0,2,1,1,9376.89,0
748,France,Male,44,4,112610.77,1,0,1,2048.55,0
494,France,Male,69,9,93320.8,1,1,1,24489.44,0
757,France,Male,47,3,130747.1,1,1,0,143829.54,0
497,Germany,Female,32,8,111537.23,4,1,1,9497.99,1
744,Germany,Male,38,6,73023.17,2,1,0,78770.86,0
591,France,Male,28,5,0.0,2,1,1,48606.92,0
638,France,Female,48,10,138333.03,1,1,1,47679.14,0
581,Spain,Male,46,2,79385.21,2,0,0,188492.82,0
604,France,Male,40,1,84315.02,1,0,0,36209.1,0
571,France,Female,53,2,0.0,2,1,0,28045.77,0
850,Germany,Male,38,3,54901.01,1,1,1,140075.55,0
596,Spain,Female,54,0,78126.28,1,1,1,153482.91,1
528,France,Male,31,9,120962.59,1,1,0,5419.31,0
542,France,Male,39,3,135096.77,1,1,1,14353.43,1
683,Germany,Female,39,2,47685.47,2,1,1,86019.48,0
698,France,Male,48,4,101238.24,2,0,1,177815.87,1
655,France,Female,34,3,0.0,2,1,0,159638.77,0
729,Germany,Male,30,6,63669.42,1,1,0,145111.37,0
646,France,Male,36,6,124445.52,1,1,0,88481.32,0
850,France,Male,40,8,102800.65,1,1,0,60811.56,0
665,Germany,Female,43,2,116322.27,4,1,0,35640.12,1
601,Germany,Female,49,4,96252.98,2,1,0,104263.82,0
694,France,Male,38,1,0.0,2,0,1,156858.2,0
732,France,Female,36,9,0.0,1,0,0,3749.0,1
679,France,Male,30,9,0.0,2,1,0,157871.55,0
487,Spain,Female,40,6,136093.74,1,0,1,193408.43,0
792,Germany,Female,50,4,146710.76,1,1,0,16528.4,1
472,France,Male,31,4,58662.92,2,0,1,73322.0,0
706,Germany,Female,46,7,111288.18,1,1,1,149170.25,1
708,Spain,Female,35,8,122570.69,1,0,0,199005.88,0
477,Germany,Female,39,4,182491.57,1,1,0,185830.72,0
512,France,Male,24,6,0.0,2,1,0,37654.31,0
737,Germany,Male,50,4,127552.85,2,1,0,4225.11,0
572,Germany,Female,54,9,97382.53,1,1,1,195771.95,0
747,Germany,Male,36,8,102603.3,2,1,1,180693.61,0
691,France,Female,40,0,115465.98,1,1,1,60622.61,0
692,France,Male,66,4,159732.02,1,1,1,118188.15,0
850,Germany,Male,32,9,141827.33,2,1,1,149458.73,0
531,Spain,Male,27,8,132576.25,1,0,0,7222.92,0
487,Germany,Female,61,5,110368.03,1,0,0,11384.45,1
709,France,Male,42,9,118546.71,1,0,1,77142.85,0
745,France,Female,36,9,0.0,1,1,0,19605.18,1
492,France,Male,39,7,0.0,2,0,1,71323.23,0
719,France,Female,22,7,114415.84,1,1,1,177497.4,0
690,France,Female,42,3,92578.14,2,0,0,70810.6,0
558,Germany,Male,32,4,108235.91,1,1,1,143783.28,0
651,Germany,Female,34,10,148962.46,1,1,0,66389.43,1
592,Germany,Male,36,10,123187.51,1,0,1,146111.35,0
608,Germany,Male,34,3,106288.54,1,1,1,36639.25,0
430,Germany,Male,36,1,138992.48,2,0,0,122373.42,0
665,France,Female,34,1,96645.54,2,0,0,171413.66,0
745,France,Female,46,7,0.0,2,1,1,67769.94,0
528,Germany,Female,46,9,135555.66,1,1,0,133146.03,1
528,France,Male,37,6,103772.45,1,1,0,197111.99,0
491,France,Male,33,5,83134.3,1,1,0,187946.55,0
674,Spain,Male,32,2,0.0,2,1,0,140579.17,0
674,Germany,Male,43,8,85957.88,2,1,0,8757.39,0
745,France,Female,32,2,0.0,4,0,1,179705.13,1
777,France,Female,28,2,134571.5,1,0,1,118313.38,0
524,France,Female,36,10,0.0,2,1,0,109614.57,0
657,France,Female,28,7,0.0,2,0,1,5177.62,0
850,France,Male,49,6,128663.9,1,1,0,65769.3,1
676,France,Male,38,1,0.0,2,0,1,35644.79,0
828,France,Male,31,9,0.0,1,0,1,164257.37,0
734,Spain,Female,39,6,92126.26,2,0,0,112973.34,0
678,Spain,Male,38,3,124483.53,1,1,0,126253.31,0
651,France,Male,34,4,91562.99,1,1,1,123954.15,0
710,France,Male,30,6,0.0,2,1,1,8991.17,0
661,Germany,Female,64,8,128751.65,2,1,0,189398.18,1
539,France,Female,47,2,127286.04,2,1,1,166929.43,1
646,France,Female,46,8,0.0,2,1,0,133059.15,0
518,Germany,Female,41,5,110624.99,1,1,0,89327.67,0
593,Germany,Female,29,5,101713.84,3,1,0,134594.99,0
559,France,Male,33,9,111060.05,2,1,0,110371.84,0
817,Germany,Female,27,7,129810.6,1,1,1,59259.44,0
592,France,Male,36,1,126477.42,1,0,0,179718.17,0
632,France,Female,28,5,118890.81,1,0,1,145157.97,0
694,Germany,Male,31,6,109052.59,2,1,1,19448.93,1
700,France,Female,30,9,0.0,1,1,1,174971.64,0
629,France,Female,33,6,0.0,2,1,1,59129.72,0
427,Germany,Male,42,1,75681.52,1,1,1,57098.0,0
801,Spain,Female,46,6,0.0,2,1,1,170008.74,0
654,France,Male,29,1,0.0,1,1,0,180345.44,0
596,Germany,Male,40,5,62389.03,3,1,0,148623.43,1
578,France,Female,40,7,0.0,2,0,0,102233.73,0
591,Spain,Male,36,7,135216.8,1,1,1,122022.89,0
730,Germany,Female,37,5,124053.03,1,1,0,118591.67,0
811,France,Male,31,7,117799.28,1,1,1,182372.35,0
749,France,Male,41,5,57568.94,1,1,1,61128.29,0
646,France,Female,46,4,0.0,3,1,0,93251.42,1
671,Germany,Female,48,9,116711.06,2,0,0,76373.38,0
607,Germany,Male,29,7,102609.0,1,1,0,163257.44,0
689,Spain,Female,28,5,95328.6,1,1,0,6129.61,1
661,Spain,Male,38,7,143006.7,1,1,1,15650.89,0
646,Germany,Female,30,10,100548.67,2,0,0,136983.77,0
565,Spain,Male,38,0,122447.76,1,0,0,67339.34,0
774,France,Male,53,4,113709.28,1,1,1,153887.93,1
785,France,Female,40,3,0.0,2,1,1,96832.82,0
703,France,Female,40,7,0.0,2,0,1,122518.5,0
490,France,Male,34,5,122952.9,2,0,0,154360.97,0
786,Germany,Female,33,0,122325.58,1,0,0,34712.34,1
665,France,Male,33,2,101286.11,1,1,1,159840.51,0
592,Spain,Male,45,8,84692.5,1,0,1,67214.02,0
637,Germany,Female,39,3,109698.41,1,1,1,88391.29,1
811,France,Male,40,1,101514.89,1,1,1,121765.0,0
488,Germany,Female,28,7,139246.22,2,1,0,106799.49,0
449,France,Male,52,6,0.0,2,0,1,123622.0,0
723,Germany,Female,47,10,90450.0,2,0,0,103379.31,1
606,Germany,Female,41,4,132670.53,1,1,0,156476.36,1
707,France,Male,32,9,0.0,2,0,0,30807.02,0
573,Germany,Male,30,8,127406.5,1,1,0,192950.6,0
676,France,Male,31,3,78990.15,1,1,1,124777.14,0
605,Spain,Male,33,5,150092.8,1,0,0,71862.79,0
568,Spain,Female,27,1,116320.68,1,0,1,45563.94,0
729,Spain,Female,38,10,0.0,2,1,0,189727.12,0
554,France,Female,35,10,74988.59,2,0,1,190155.13,0
539,Germany,Female,34,4,91622.42,1,1,1,136603.42,0
850,Germany,Male,36,5,119984.07,1,1,0,191535.11,1
689,Germany,Female,40,4,78119.59,4,1,0,119259.34,1
615,France,Male,41,4,130385.82,1,0,1,130661.95,0
539,France,Male,39,1,0.0,1,1,1,28184.7,0
601,Spain,Male,24,7,0.0,2,0,0,144660.42,0
678,Germany,Male,36,3,145747.67,2,0,1,89566.74,0
850,Germany,Female,36,0,136980.23,2,1,1,99019.65,0
517,Spain,Male,39,3,0.0,2,0,1,12465.51,0
793,Germany,Female,34,5,127758.09,1,1,0,143357.03,0
579,France,Female,33,1,118392.75,1,1,1,157564.75,0
709,France,Male,39,8,0.0,2,1,0,56214.09,0
646,Germany,Female,57,6,90212.0,1,1,0,13911.27,1
587,Germany,Male,35,5,121863.61,1,1,1,23481.69,1
849,France,Female,41,6,0.0,2,1,1,169203.51,1
660,France,Male,37,2,97324.91,1,1,0,23291.83,0
627,Germany,Female,39,5,124586.93,1,1,0,93132.61,1
547,France,Female,51,1,0.0,2,1,1,56908.41,0
554,France,Male,39,2,129709.62,1,1,0,173197.12,0
678,France,Male,54,7,128914.97,1,0,0,191746.23,1
605,Germany,Male,28,10,113690.83,1,1,0,33114.24,0
757,France,Female,44,4,123322.15,1,1,0,137136.29,0
625,France,Male,34,6,0.0,2,0,0,197283.2,0
841,Germany,Female,33,7,154969.79,2,1,1,99505.75,0
557,Spain,Female,40,4,0.0,2,0,1,105433.53,0
520,France,Male,33,4,156297.58,2,1,1,166102.61,0
688,France,Male,20,8,137624.4,2,1,1,197582.79,0
833,Germany,Male,29,1,96462.25,2,0,1,48986.18,0
730,Germany,Male,38,0,38848.19,2,0,0,94003.11,0
704,France,Male,23,6,166594.78,1,1,1,155823.2,0
643,Spain,Male,34,6,0.0,2,1,1,116046.22,0
540,France,Male,48,2,109349.29,1,1,0,88703.04,1
626,France,Male,44,10,0.0,2,0,0,164287.86,0
640,Germany,Female,30,5,32197.64,1,0,1,141446.01,0
705,France,Female,35,3,0.0,2,0,1,66331.01,0
584,Germany,Female,62,9,137727.34,2,0,1,121102.9,0
577,France,Male,41,6,0.0,1,1,1,167621.18,0
566,Germany,Female,40,2,97001.36,2,1,0,154486.01,0
646,Germany,Female,35,1,121952.75,2,1,1,142839.82,0
661,France,Female,34,0,0.0,2,1,0,185555.63,0
658,France,Male,42,8,102870.93,1,0,1,103764.55,1
521,Spain,Female,22,10,0.0,1,1,1,101311.95,0
616,France,Female,31,8,0.0,1,0,1,76456.17,0
838,Spain,Female,67,4,103267.8,1,1,1,78310.04,0
709,Spain,Female,45,2,0.0,2,0,1,162922.65,0
823,France,Male,38,1,0.0,2,1,0,156603.7,0
727,Spain,Female,41,10,0.0,2,0,1,47468.56,0
682,Spain,Female,50,10,128039.01,1,1,1,102260.16,0
527,Germany,Female,41,10,136733.24,1,1,1,57589.29,0
605,France,Male,39,6,111169.91,1,0,0,9641.4,0
649,Spain,Female,38,8,0.0,1,1,0,103760.53,0
679,France,Male,36,6,147733.64,1,0,1,172501.38,0
582,Germany,Male,26,6,114450.32,1,1,1,14081.64,0
530,Spain,Female,36,7,0.0,2,1,0,80619.09,0
775,Germany,Male,33,3,83501.66,2,1,0,128841.31,0
603,Spain,Female,56,5,90778.76,2,1,0,162223.67,1
495,France,Female,40,1,140197.71,2,1,0,150720.39,0
668,France,Female,37,7,128645.67,1,1,0,92149.64,0
737,Germany,Female,45,2,99169.67,2,1,1,78650.95,0
659,France,Male,35,6,0.0,2,1,1,58879.11,0
530,France,Female,48,0,0.0,1,1,0,85081.09,0
634,France,Male,45,9,0.0,2,0,0,17622.82,0
486,France,Male,63,9,97009.15,1,1,1,85101.0,0
836,France,Female,29,9,133681.78,1,1,1,153747.73,0
510,France,Male,63,8,0.0,2,1,1,115291.86,0
809,France,Female,24,4,0.0,2,1,0,193518.76,0
596,France,Male,33,2,139451.67,1,0,0,63142.12,0
717,France,Male,48,7,123764.95,1,1,1,169952.82,0
737,Spain,Female,39,7,130051.66,2,0,0,55356.39,1
543,Spain,Male,37,3,0.0,2,1,1,78915.68,0
761,Germany,Male,36,8,108239.11,2,0,0,99444.02,0
545,France,Male,23,2,0.0,2,1,0,189613.12,0
608,Germany,Female,38,8,103653.51,2,1,1,137079.86,0
537,Spain,Female,33,7,136082.0,1,1,0,62746.54,0
513,Spain,Male,88,10,0.0,2,1,1,52952.24,0
664,France,Female,31,7,104158.84,1,1,0,134169.85,0
499,Germany,Female,55,4,126817.65,2,1,0,123269.71,0
703,France,Male,50,8,160139.59,2,1,1,79314.1,0
706,Spain,Female,29,1,209490.21,1,1,1,133267.69,1
598,Spain,Female,23,6,0.0,2,1,0,153229.19,0
743,France,Female,39,8,0.0,1,1,0,94263.44,0
722,Germany,Female,32,5,106807.64,1,1,1,76998.69,0
646,France,Male,50,0,104129.24,2,1,0,181794.86,1
599,Spain,Male,25,3,0.0,2,1,1,120790.02,0
704,France,Male,32,7,127785.17,4,0,0,184464.7,1
675,France,Male,54,6,0.0,1,1,0,110273.84,1
590,Spain,Male,22,7,125265.61,1,1,1,161253.08,0
644,Spain,Male,28,0,0.0,2,1,0,119419.37,0
850,Spain,Male,38,7,115378.94,1,0,1,162087.82,0
668,France,Female,31,9,0.0,2,0,0,41291.73,0
715,France,Male,28,7,160376.61,1,0,0,196853.11,0
635,Spain,Female,35,7,0.0,2,1,1,65951.65,0
601,France,Male,50,2,115625.07,1,1,0,185855.21,0
741,Spain,Male,50,1,78737.61,1,1,1,13018.96,0
711,France,Female,28,8,0.0,2,0,0,105159.89,0
664,France,Female,38,4,74306.19,2,1,0,154395.56,0
672,France,Male,31,6,91125.75,1,1,0,177295.92,0
796,France,Male,24,8,0.0,2,1,0,61349.37,0
543,France,Male,30,4,140916.81,1,1,0,157711.18,0
515,Germany,Male,45,7,120961.5,3,1,1,39288.11,1
620,France,Female,29,3,0.0,2,0,1,153392.28,0
584,Germany,Female,30,8,112013.81,1,1,0,177772.03,1
686,Spain,Male,39,10,136258.06,1,0,0,89199.51,0
573,Spain,Male,50,0,159304.07,1,0,1,155915.24,1
757,Germany,Female,34,1,129398.01,2,0,0,44965.44,0
657,France,Male,33,1,84309.57,2,0,0,103914.4,0
739,France,Male,58,2,101579.28,1,1,1,72168.53,0
832,France,Female,29,5,0.0,2,1,0,178779.52,0
682,France,Female,26,0,110654.02,1,0,1,111879.21,0
850,France,Male,38,5,0.0,2,1,0,16491.64,0
699,France,Female,40,8,122038.34,1,1,0,102085.35,0
765,Spain,Female,33,5,84557.82,1,1,1,69039.43,0
570,France,Female,29,4,153040.03,1,1,1,131363.57,1
595,Germany,Female,25,7,106570.34,2,0,1,177025.79,0
850,Spain,Female,31,3,121237.65,1,1,1,31022.56,0
561,France,Male,32,5,0.0,2,1,0,84871.99,0
521,France,Female,41,2,0.0,2,1,1,113089.43,0
702,Spain,Male,43,6,116121.67,1,1,0,61602.42,0
619,Germany,Female,42,8,132796.04,3,1,1,191821.35,1
555,Spain,Male,32,4,0.0,2,1,1,54405.79,0
579,Spain,Female,39,2,151963.26,2,1,0,158948.63,0
544,Spain,Female,53,9,0.0,1,1,0,125692.07,1
792,France,Male,19,7,143390.51,1,1,0,33282.84,0
659,Germany,Female,30,8,154159.51,1,1,0,40441.1,0
460,Germany,Female,35,8,102742.91,2,1,1,189339.6,0
557,France,Male,39,8,146200.01,1,1,0,177944.64,0
564,Spain,Male,31,0,125175.58,1,1,1,72757.33,0
489,Germany,Male,38,2,126444.08,2,1,1,82662.73,0
629,Spain,Male,35,4,174588.8,2,0,1,158420.14,0
586,France,Male,29,3,0.0,2,1,1,142238.54,0
628,France,Male,33,6,0.0,2,0,0,184230.23,0
749,Spain,Female,46,9,66582.81,1,1,0,78753.12,1
703,France,Male,32,1,125685.79,1,1,1,56246.72,0
790,Spain,Female,41,7,109508.68,1,0,0,86776.38,0
733,France,Male,64,3,0.0,2,1,1,75272.63,0
591,Spain,Male,31,8,0.0,1,1,1,141677.33,0
640,Spain,Female,32,6,118879.35,2,1,1,19131.71,0
565,France,Male,34,6,0.0,1,1,1,63173.64,0
556,France,Male,40,5,125909.85,1,1,1,95124.4,0
555,Spain,Male,33,5,127343.4,1,0,1,121789.3,0
738,Germany,Male,43,9,121152.05,2,1,0,64166.7,1
799,France,Female,30,9,0.0,2,1,0,136827.96,0
737,Germany,Male,31,5,121192.22,2,1,1,74890.58,0
601,France,Male,38,4,60013.81,1,1,1,38020.05,0
685,Spain,Male,34,6,83264.28,1,0,0,9663.28,0
558,Germany,Male,26,1,148853.29,2,1,1,24411.02,0
571,France,Female,35,1,104783.81,2,0,1,178512.52,0
623,France,Female,44,6,0.0,2,0,0,167162.43,0
602,France,Male,33,5,164704.38,1,0,1,180716.1,1
689,Germany,Female,30,5,136650.89,1,1,1,41865.72,1
712,France,Female,33,6,0.0,2,1,1,190686.16,0
664,France,Male,55,8,0.0,2,1,1,139161.64,0
627,Spain,Female,28,3,157597.61,1,0,1,34097.22,0
651,Spain,Male,23,4,115636.05,2,1,0,70400.86,0
697,France,Female,47,6,128252.66,1,1,1,168053.4,0
579,Spain,Male,22,3,118680.57,1,1,1,49829.8,0
836,Germany,Female,32,4,109196.67,2,1,0,55218.02,0
551,Spain,Male,49,1,150777.72,2,1,1,135757.27,0
749,Spain,Male,36,7,0.0,2,0,0,80134.65,0
549,France,Female,38,8,107283.4,1,0,0,157442.75,0
682,France,Female,42,0,0.0,1,0,1,91981.85,1
486,Germany,Male,37,9,115217.99,2,1,0,144995.33,0
480,France,Male,35,2,165692.91,1,1,1,197984.58,0
630,Germany,Female,34,9,106937.05,2,1,0,138275.01,0
577,Germany,Female,44,1,152086.15,1,0,1,44719.5,1
690,France,Female,35,9,107944.33,2,0,0,48478.47,0
726,Spain,Female,26,1,80780.16,1,1,1,19225.85,0
572,Spain,Female,26,5,0.0,2,1,0,119381.41,0
461,France,Female,40,7,0.0,2,1,0,176547.8,0
850,Spain,Female,55,7,0.0,1,0,0,171762.87,1
561,France,Male,34,1,78829.53,1,1,1,12148.2,0
727,Germany,Male,34,2,146407.11,1,1,1,72073.72,0
682,France,Female,46,2,0.0,1,1,1,114442.66,0
699,France,Female,39,1,0.0,2,0,0,93826.63,0
498,Germany,Female,41,4,87541.06,2,1,1,12577.21,1
636,Spain,Male,52,4,111284.53,1,0,1,32936.44,1
567,Germany,Female,49,5,134956.02,1,1,0,93953.84,1
587,Spain,Male,42,5,120233.83,1,1,0,194890.33,0
602,France,Female,29,3,88814.4,2,1,1,62487.97,0
477,Spain,Female,48,2,129120.64,1,0,1,26475.79,0
703,Germany,Male,42,9,63227.0,1,0,1,137316.32,0
691,Germany,Male,27,3,160358.68,2,1,0,142367.72,0
695,Spain,Male,46,3,122549.64,1,1,1,56297.85,0
472,France,Female,37,1,0.0,2,1,1,48357.9,0
742,France,Male,33,6,0.0,2,0,0,38550.4,0
550,France,Male,32,8,97514.07,1,1,1,199138.84,0
350,Spain,Male,54,1,152677.48,1,1,1,191973.49,1
814,France,Female,31,4,0.0,2,1,1,142029.17,0
683,France,Female,29,9,0.0,2,1,1,48849.89,0
558,France,Male,35,1,0.0,2,0,0,111687.57,0
493,France,Male,36,9,0.0,2,1,1,65816.53,0
510,Germany,Female,50,7,123936.54,1,1,1,23768.01,0
595,Germany,Female,44,4,96553.52,2,1,0,143952.24,1
590,Germany,Male,36,6,92340.69,2,1,1,174667.58,0
615,Spain,Male,41,4,0.0,1,0,1,149278.96,0
753,Germany,Female,38,9,151766.71,1,1,1,180829.99,0
420,Germany,Female,34,1,135549.9,1,0,0,149471.13,1
494,Germany,Female,38,7,174937.64,1,1,0,40084.32,0
633,Spain,Male,63,4,114552.6,1,1,0,73856.28,1
479,Spain,Male,35,4,125920.98,1,1,1,20393.44,0
589,Germany,Female,50,5,144895.05,2,1,1,34941.23,0
713,Germany,Male,40,3,114446.84,2,1,1,87308.18,0
573,France,Female,23,2,0.0,1,1,0,122964.18,0
802,Spain,Male,41,6,0.0,2,1,0,47322.05,0
675,France,Male,69,1,0.0,2,1,0,157097.09,0
682,France,Male,28,10,200724.96,1,0,1,82872.64,1
796,France,Male,30,2,137262.71,2,1,0,62905.29,0
761,Spain,Male,37,7,132730.17,1,1,0,199293.01,0
636,Germany,Female,28,2,115265.14,1,0,0,191627.85,0
756,France,Male,28,8,179960.2,1,1,0,89938.08,0
808,Germany,Female,37,2,100431.84,1,1,0,35140.49,1
597,Spain,Male,24,0,108058.07,2,1,1,187826.11,0
662,France,Male,32,9,0.0,2,0,0,65089.38,0
493,France,Male,38,3,134006.77,1,1,0,89578.32,0
729,France,Male,32,6,93694.42,1,1,1,79919.13,0
660,Spain,Male,30,4,0.0,2,1,0,129149.06,0
469,Spain,Female,31,6,0.0,1,1,0,146213.75,1
693,France,Female,39,4,0.0,2,0,1,142331.39,0
547,Germany,Male,50,3,81290.02,3,0,1,177747.03,1
679,Spain,Female,28,9,0.0,2,0,1,61761.77,0
656,France,Male,50,7,0.0,2,0,1,72143.44,0
752,France,Male,39,3,0.0,1,1,0,188187.05,0
787,France,Female,85,10,0.0,2,1,1,116537.96,0
615,Spain,Male,41,1,126773.43,1,1,1,55551.26,0
771,France,Male,32,5,62321.62,1,1,1,40920.59,0
688,France,Male,26,0,0.0,2,1,0,105784.85,0
796,Germany,Female,40,1,99745.95,1,1,0,177524.19,0
803,Germany,Female,50,8,98173.02,1,0,0,22457.25,1
707,Spain,Male,32,9,0.0,2,1,0,126475.79,0
713,Germany,Female,38,7,144606.22,1,1,1,56594.36,1
578,France,Male,38,7,82259.29,1,1,0,8996.97,0
445,Germany,Female,61,2,137655.31,1,0,1,29909.84,0
638,Germany,Female,26,1,105249.76,2,1,1,23491.09,0
477,Germany,Male,34,8,139959.55,2,1,1,189875.83,0
545,Spain,Female,44,1,0.0,2,1,1,82614.89,0
724,Spain,Female,41,4,142880.28,3,0,0,185541.2,1
850,Germany,Female,45,1,121874.89,1,0,0,6865.41,1
684,France,Male,35,3,137179.39,1,1,1,37264.11,0
437,Spain,Male,28,2,109161.25,1,1,0,152987.42,0
657,France,Male,34,3,107136.6,1,1,0,153895.46,0
841,Germany,Male,32,2,117070.21,1,1,0,113482.2,0
683,Germany,Female,35,5,95698.79,1,0,1,182566.76,0
691,France,Male,50,6,136953.47,1,1,1,2704.98,0
504,Spain,Male,44,4,113522.64,1,1,1,12405.2,0
649,Germany,Female,50,5,155393.32,1,1,1,87351.42,1
675,Spain,Male,35,8,0.0,2,1,0,29062.25,0
638,Spain,Male,41,7,0.0,2,1,0,43889.41,0
686,France,Male,37,9,134560.62,1,1,0,27596.39,0
678,France,Female,41,1,143443.61,1,1,0,196622.28,1
450,Spain,Male,25,9,74237.2,2,0,1,195463.35,0
705,France,Female,55,8,0.0,2,1,1,14392.68,0
599,Spain,Female,31,3,0.0,1,1,1,130086.47,1
758,France,Male,26,4,155739.76,1,1,0,171552.02,0
554,Germany,Female,55,0,108477.27,1,0,1,140003.0,1
787,France,Female,40,6,0.0,2,1,1,84151.98,0
633,France,Female,34,3,123034.43,2,1,1,38315.04,0
764,France,Female,40,9,100480.53,1,1,0,124095.69,0
710,Germany,Male,45,9,108231.37,1,1,1,188574.08,0
544,Germany,Male,44,2,108895.93,1,0,0,69228.2,1
624,Spain,Male,35,2,0.0,2,1,0,87310.59,0
836,Spain,Male,57,4,101247.06,1,1,0,37141.62,1
691,France,Female,31,5,40915.55,1,1,0,126213.84,1
515,France,Male,40,0,109542.29,1,1,1,166370.81,0
461,Spain,Female,25,6,0.0,2,1,1,15306.29,0
577,Spain,Male,51,2,108867.0,1,0,0,140800.66,1
526,Spain,Male,35,5,0.0,2,1,1,105618.14,0
631,France,Male,32,10,0.0,2,0,1,196342.66,0
785,France,Female,38,1,0.0,1,1,0,134964.85,1
576,France,Male,39,1,0.0,2,1,1,68814.23,0
629,France,Female,39,10,0.0,2,1,1,43174.49,1
754,Spain,Male,39,7,157691.98,2,1,0,133600.89,1
616,France,Male,46,2,0.0,2,1,0,137136.46,0
683,France,Female,33,9,0.0,2,1,1,38784.42,0
779,France,Male,71,3,0.0,2,1,1,146895.36,1
768,Germany,Male,37,9,108308.11,1,1,0,41788.25,1
584,Germany,Male,33,3,88311.48,2,1,1,177651.38,0
734,Spain,Male,39,6,0.0,1,1,1,95135.27,0
669,France,Female,38,8,0.0,2,1,0,84049.16,0
534,France,Female,53,7,0.0,2,1,1,80619.17,0
462,Germany,Female,24,9,69881.09,2,0,1,64421.02,0
634,France,Female,45,2,0.0,4,1,0,101039.53,1
850,France,Male,20,7,0.0,2,1,0,31288.77,0
642,Germany,Female,30,5,129753.69,1,1,0,582.53,0
758,Germany,Male,41,10,79857.64,1,1,1,78088.17,0
685,Spain,Female,42,2,0.0,2,0,0,199992.48,0
775,France,Female,30,10,191091.74,2,1,1,96170.38,0
564,Germany,Male,40,7,108407.34,1,1,1,83681.2,0
670,Germany,Male,43,9,111677.88,1,1,0,178827.3,1
832,Spain,Male,29,8,93833.86,1,0,1,10417.87,0
619,France,Female,42,2,0.0,1,1,1,101348.88,1
607,France,Male,45,7,123859.6,1,0,1,113051.57,0
721,Spain,Male,51,0,169312.13,1,1,0,109078.35,1
582,France,Male,39,5,0.0,2,1,1,129892.93,0
688,Spain,Female,46,3,0.0,2,0,1,104902.68,0
445,France,Male,64,2,136770.67,1,0,1,43678.06,0
756,France,Female,24,1,0.0,2,1,0,184182.25,0
697,Spain,Female,37,7,168066.87,1,1,0,35450.53,0
711,France,Male,38,3,0.0,2,1,0,68487.51,0
618,France,Male,39,2,91068.56,1,1,0,26578.69,0
726,France,Female,53,1,113537.73,1,0,1,28367.21,0
639,Spain,Male,38,9,130233.14,1,1,1,81861.1,0
639,Germany,Female,46,10,110031.09,2,1,1,133995.59,0
657,Spain,Female,41,6,112119.48,1,1,0,17536.82,0
717,Germany,Female,35,5,103214.71,1,1,0,172172.7,0
795,Germany,Female,33,9,130862.43,1,1,1,114935.21,0
604,France,Female,34,7,0.0,2,1,0,193021.49,0
489,France,Male,38,8,0.0,2,0,1,196990.79,0
850,Germany,Female,31,3,51293.47,1,0,0,35534.68,0
796,France,Male,44,8,165326.2,1,1,1,57205.55,0
474,France,Male,54,3,0.0,1,1,0,108409.17,1
507,France,Male,42,6,0.0,2,1,0,34777.23,0
503,Germany,Male,30,10,136622.55,2,0,0,47310.24,0
667,France,Male,33,4,0.0,2,1,1,131834.75,0
498,Germany,Male,25,8,121702.73,1,1,1,132210.49,0
410,France,Male,33,6,125789.69,1,0,0,66333.56,1
637,France,Male,32,5,0.0,1,0,0,148769.08,0
666,France,Female,34,9,115897.12,1,1,1,25095.03,0
778,Germany,Female,48,3,102290.56,2,1,0,182691.31,0
642,France,Male,30,8,80964.57,2,1,0,174738.2,0
784,Spain,Male,48,7,0.0,2,1,1,182609.97,0
653,France,Female,46,5,0.0,2,1,0,49707.85,0
585,Spain,Female,44,4,0.0,2,0,1,101728.46,0
652,France,Female,40,1,0.0,2,1,0,126554.96,0
633,Spain,Male,33,4,137847.41,2,1,0,98349.13,0
785,Spain,Female,31,2,121691.54,2,0,0,81778.72,0
678,France,Female,28,4,0.0,2,1,1,144423.17,1
543,France,Female,31,4,138317.94,1,0,0,61843.73,0
569,France,Male,37,9,178755.84,1,1,0,199929.17,0
580,Germany,Female,38,1,128218.47,1,1,0,125953.83,1
584,Spain,Female,29,4,0.0,2,1,0,88866.92,0
656,Germany,Female,49,9,97092.87,1,1,0,74771.22,1
735,France,Male,49,5,121973.28,1,1,0,148804.36,0
531,Spain,Female,36,9,99240.51,1,1,0,123137.01,0
485,France,Female,25,3,134467.26,1,1,1,113266.09,0
654,France,Male,38,8,0.0,2,1,0,88659.44,0
761,France,Female,26,1,0.0,2,1,1,199409.19,0
693,France,Female,35,5,124151.09,1,1,0,88705.14,1
718,Spain,Male,40,9,0.0,2,0,0,121537.91,0
670,France,Male,22,2,114991.45,1,1,1,37392.56,0
707,France,Female,58,3,102346.86,1,1,1,114672.64,0
714,Spain,Male,25,2,0.0,1,1,1,132979.43,0
571,Spain,Female,22,3,108117.1,1,0,1,53328.7,0
559,France,Male,49,2,147069.78,1,1,0,120540.83,1
617,Germany,Male,44,9,49157.09,2,1,0,53294.17,0
799,France,Female,52,4,161209.66,1,1,1,89081.41,0
850,France,Male,39,6,96863.13,1,1,1,121681.19,0
724,Germany,Female,33,9,119278.44,1,1,1,197148.24,0
554,Spain,Male,37,3,0.0,2,1,0,166177.3,0
677,Germany,Female,41,8,146720.98,2,1,1,4195.84,0
675,Spain,Female,40,8,79035.95,1,1,0,142783.98,1
699,Spain,Male,43,2,136487.86,2,1,0,82815.93,0
695,Germany,Male,52,8,103023.26,1,1,1,22485.64,0
528,Spain,Male,36,7,0.0,2,1,0,60536.56,0
645,France,Female,45,8,85325.93,1,0,0,22558.74,0
521,Germany,Female,40,9,134504.78,1,1,0,18082.06,0
748,France,Male,44,2,92911.52,1,0,1,85495.24,0
745,Germany,Male,51,3,99183.9,1,1,1,28922.25,0
655,France,Male,38,4,0.0,2,0,0,110527.71,0
699,France,Female,32,4,110559.46,1,1,1,127429.56,0
676,France,Male,40,8,114005.78,1,1,1,67998.45,0
498,France,Female,31,10,0.0,2,1,0,13892.57,0
482,Germany,Male,45,7,156353.46,1,1,0,72643.95,1
529,France,Male,67,8,103101.56,2,1,1,154002.02,1
516,Spain,Female,31,3,0.0,2,1,0,124202.26,0
611,France,Male,30,2,104145.65,1,0,0,159629.64,0
562,Germany,Female,31,9,117153.0,1,1,1,108675.01,0
617,Spain,Male,34,9,0.0,2,1,0,118749.58,0
678,Germany,Female,44,2,98009.13,2,0,1,31384.86,0
602,France,Male,23,7,113758.48,2,0,0,84077.6,0
590,France,Female,54,4,0.0,2,1,1,93820.49,1
537,Germany,Male,84,8,92242.34,1,1,1,186235.98,0
770,France,Female,70,9,110738.89,1,1,0,22666.77,1
711,France,Male,52,5,0.0,1,1,1,159808.95,0
501,France,Male,44,4,142051.07,2,0,1,74940.5,0
718,Spain,Male,32,8,0.0,2,1,1,41399.33,0
607,Spain,Female,32,7,0.0,3,0,1,10674.62,0
652,Spain,Female,38,1,103895.31,1,0,1,159649.44,0
646,Germany,Male,48,8,169023.33,2,1,1,175657.55,0
549,Germany,Female,37,1,130622.34,2,1,1,128499.94,0
687,Spain,Female,63,1,137715.66,1,1,1,37938.74,0
621,France,Male,40,10,163823.37,1,0,0,89519.47,0
577,France,Female,26,1,180530.51,1,0,0,123454.62,0
678,Spain,Male,29,6,0.0,2,1,0,64443.75,0
735,France,Male,41,7,179904.0,1,1,1,137180.95,0
670,France,Female,42,1,115961.58,2,0,1,29483.87,0
807,France,Male,47,1,95120.59,1,0,0,127875.1,0
626,France,Female,34,3,0.0,2,1,1,37870.29,0
668,Germany,Female,59,5,120170.07,1,0,1,50454.8,0
573,Spain,Male,33,1,160777.9,1,1,1,149536.15,0
623,France,Female,24,5,0.0,2,1,0,116160.04,0
697,France,Female,49,7,195238.29,4,0,1,131083.56,1
729,France,Male,34,3,152303.8,1,1,0,12128.69,0
656,France,Female,30,4,74323.2,1,1,1,22929.08,0
736,Germany,Female,36,8,103914.17,1,1,1,110035.88,1
579,France,Female,27,9,0.0,2,1,0,126838.7,0
692,France,Female,34,7,0.0,2,1,0,195074.62,0
586,Germany,Male,32,1,149814.54,1,1,0,31830.06,0
481,France,Male,40,3,0.0,1,1,1,32319.93,0
850,France,Male,32,4,156001.68,2,1,1,151677.31,0
509,Germany,Female,29,0,107712.57,2,1,1,92898.17,0
797,France,Female,29,1,0.0,2,1,1,132975.39,0
742,France,Female,29,4,0.0,2,1,1,180066.59,0
634,Spain,Male,52,1,0.0,2,1,1,176913.42,0
850,Germany,Female,31,1,108822.4,1,1,1,132173.31,0
732,France,Male,46,0,0.0,2,1,1,184350.78,0
490,Spain,Male,31,3,145260.23,1,0,1,114066.77,0
644,France,Male,40,8,93183.19,1,1,0,73882.49,0
675,France,Male,28,9,0.0,1,1,0,134110.93,0
672,Germany,Male,68,0,126061.51,2,1,1,184936.77,0
579,France,Male,38,8,0.0,2,0,0,91763.67,0
739,France,Female,36,0,0.0,2,0,0,133465.57,0
719,Germany,Female,76,10,95052.29,1,1,0,176244.87,0
704,France,Male,31,5,132084.66,3,1,1,54474.48,1
466,France,Male,26,9,105522.06,1,1,0,10842.46,0
648,France,Female,37,7,0.0,2,1,0,194238.92,0
755,France,Male,30,4,123217.66,2,0,1,144183.1,0
699,Germany,Female,41,1,200117.76,2,1,0,94142.35,0
662,Spain,Male,33,3,0.0,2,0,1,68064.83,0
566,Spain,Male,32,10,147511.26,1,1,1,159891.03,0
627,France,Male,44,6,153548.12,1,0,0,35300.08,1
795,Spain,Female,56,5,0.0,1,1,0,35418.69,1
552,Spain,Female,34,4,0.0,2,1,0,140286.69,0
610,Germany,Male,50,1,113957.01,2,1,0,196526.55,1
658,Germany,Female,55,8,119327.93,1,0,1,119439.66,0
663,Germany,Male,32,8,130627.66,1,1,0,47161.25,1
698,France,Male,37,8,0.0,2,0,0,145004.39,0
765,Germany,Male,34,5,86055.17,2,1,1,104220.5,0
556,France,Male,26,4,0.0,1,1,0,195167.38,0
640,Spain,Female,46,8,0.0,2,1,0,89043.19,0
714,Germany,Male,28,7,77776.39,1,1,0,177737.07,0
706,France,Male,18,2,176139.5,2,1,0,129654.22,0
664,France,Male,57,1,0.0,2,1,1,56562.57,0
578,Germany,Female,36,8,129745.1,1,1,1,143683.75,0
682,France,Male,48,1,138778.15,1,0,1,168840.23,0
637,Germany,Female,39,9,137843.8,1,1,1,117622.8,1
594,Germany,Male,28,0,142574.71,2,1,0,129084.82,0
612,France,Female,33,9,0.0,1,0,0,142797.5,1
705,Germany,Female,56,2,143249.67,1,1,0,88428.41,1
784,Spain,Male,38,10,122267.85,1,0,0,145759.93,0
671,France,Male,27,5,0.0,2,0,0,120893.07,0
577,France,Male,29,7,0.0,2,1,1,55473.15,0
773,Germany,Male,51,8,116197.65,2,1,1,86701.4,0
573,France,Male,35,9,0.0,2,1,0,11743.89,0
647,Germany,Female,22,3,97975.82,2,0,1,62083.0,0
732,Spain,Male,54,0,134249.7,1,0,1,13404.4,0
639,France,Female,31,3,98360.03,1,0,0,20973.8,0
850,Germany,Male,43,0,108508.82,3,1,0,184044.8,1
614,France,Female,41,3,123475.04,1,1,1,179227.52,0
677,Spain,Female,25,8,130866.19,1,1,0,42410.21,0
850,Germany,Male,44,3,140393.65,2,0,1,186285.52,0
719,Spain,Male,39,5,0.0,2,1,0,145759.7,0
454,France,Male,34,4,0.0,2,1,0,198817.72,0
652,Spain,Male,37,7,0.0,2,1,0,68789.93,0
591,France,Female,56,9,128882.49,1,1,1,196241.94,1
581,France,Male,71,4,0.0,2,1,1,197562.08,0
570,France,Female,43,9,0.0,2,0,1,11417.26,0
663,France,Female,42,5,124626.07,1,1,1,78004.5,0
717,France,Female,59,4,0.0,2,1,1,170528.63,0
635,France,Male,29,7,105405.97,1,1,1,149853.89,0
699,France,Male,64,9,113109.52,1,1,0,27980.8,1
608,Spain,Female,63,3,139529.93,2,1,1,175696.16,1
544,France,Female,40,7,0.0,1,0,1,161076.92,0
737,France,Male,45,10,0.0,2,1,0,1364.54,0
756,France,Female,23,1,112568.31,1,1,1,113408.11,0
656,Spain,Female,41,6,101179.23,2,1,1,35230.61,0
505,Germany,Male,29,3,145541.56,2,1,1,58019.95,0
659,Germany,Male,39,8,52106.33,2,1,1,107964.36,0
659,Spain,Female,42,2,0.0,1,0,0,162734.31,1
546,Germany,Female,58,3,106458.31,4,1,0,128881.87,1
603,France,Male,35,6,128993.76,2,1,0,130483.56,0
703,France,Female,41,6,109941.51,1,1,0,116267.28,0
581,Spain,Female,44,7,189318.16,2,1,0,45026.23,1
803,Spain,Female,45,7,0.0,2,1,1,128378.04,0
767,Germany,Female,33,1,144753.21,1,1,1,132480.75,0
716,France,Male,39,1,70657.61,2,1,1,76476.05,0
619,France,Male,58,5,152199.33,1,1,1,86022.09,0
590,Spain,Female,29,10,99250.08,1,1,1,129629.41,0
588,France,Male,40,5,0.0,2,0,0,100727.68,0
599,France,Male,50,3,121159.65,1,0,0,4033.39,1
551,France,Male,42,1,50194.59,1,1,1,23399.58,0
646,France,Female,37,7,96558.66,1,0,0,163427.18,0
550,Germany,Male,29,9,145294.08,2,1,0,147484.13,0
517,Germany,Female,59,8,154110.99,2,1,0,101240.08,1
690,France,Female,42,5,0.0,2,0,1,120512.08,0
664,France,Male,36,1,0.0,2,1,1,95372.64,0
649,Spain,Male,51,4,0.0,1,1,1,150390.57,0
621,Spain,Male,53,9,170491.84,1,1,0,35588.07,1
661,Spain,Female,41,5,28082.95,1,1,0,69586.27,1
535,Spain,Female,30,5,122924.75,1,0,0,62390.59,1
623,France,Male,28,7,0.0,1,0,0,129526.57,0
646,Germany,Male,46,1,170826.55,2,1,0,45041.32,0
485,France,Male,29,7,182123.79,1,1,0,116828.51,1
480,France,Female,42,1,152160.21,2,1,0,101778.9,0
650,Spain,Female,32,4,79450.09,1,1,1,118324.75,0
610,Spain,Female,37,10,140363.95,2,1,1,129563.86,0
545,Spain,Male,36,8,73211.12,2,1,0,89587.34,1
790,Spain,Male,32,3,0.0,1,1,0,91044.47,0
647,Germany,Male,51,4,131156.76,1,1,0,29883.63,0
711,France,Male,28,8,0.0,2,1,1,64286.39,0
641,Spain,Female,40,4,101090.27,1,1,1,51703.09,0
636,Spain,Male,36,1,0.0,3,1,1,74048.1,1
669,France,Male,46,3,0.0,2,0,1,8487.75,0
672,France,Female,53,7,0.0,1,1,1,136910.18,0
613,France,Female,24,7,140453.91,1,1,0,129001.3,0
781,France,Male,32,6,147107.91,1,1,1,40066.95,0
609,France,Male,39,3,121778.71,1,1,1,138399.67,0
850,France,Male,31,6,131996.66,2,1,1,178747.43,0
690,France,Male,36,7,101583.11,2,1,0,123775.15,0
618,Germany,Female,40,1,133245.52,2,1,1,54495.82,0
733,France,Female,44,6,168165.84,1,0,1,197193.49,0
742,France,Male,27,0,0.0,2,0,1,131534.96,0
697,France,Male,27,8,141223.68,2,1,0,90591.15,0
704,Spain,Male,48,8,167997.6,1,1,1,173498.45,0
619,Germany,Female,28,6,99152.73,2,1,0,48475.12,0
706,France,Male,38,1,0.0,2,1,0,122379.54,0
640,France,Male,40,8,110340.68,1,1,1,157886.6,0
492,Germany,Female,52,8,125396.24,1,1,0,10014.72,1
579,Germany,Male,40,10,45408.85,2,1,0,18732.91,0
525,France,Male,35,7,165358.77,1,0,1,94738.54,0
479,France,Male,47,1,0.0,1,1,0,95270.83,0
618,Germany,Male,44,5,157955.83,2,0,0,139297.71,0
644,France,Male,28,7,155060.41,1,1,0,29179.52,0
582,France,Female,39,1,132077.48,2,1,0,192255.15,0
652,France,Male,36,1,0.0,2,1,1,151314.98,0
775,France,Female,30,5,0.0,1,1,0,193880.6,1
474,France,Female,30,9,0.0,2,0,0,63158.22,0
814,France,Female,36,6,0.0,2,1,1,98657.01,0
577,France,Male,60,10,125389.7,2,1,1,178616.73,0
815,France,Male,37,1,166115.42,1,1,0,67208.3,0
654,France,Male,29,4,132954.64,1,1,1,146715.07,0
686,Germany,Male,33,9,141918.09,2,0,1,184036.47,0
658,Spain,Male,21,7,0.0,2,0,1,154279.87,0
686,Germany,Male,39,3,129626.19,2,1,1,103220.56,0
681,France,Female,63,7,0.0,2,1,1,55054.48,0
526,France,Male,28,1,112070.44,1,0,1,126281.83,0
621,France,Male,34,6,0.0,2,1,1,99128.13,0
350,France,Female,60,3,0.0,1,0,0,113796.15,1
564,Spain,Male,37,9,100252.18,1,1,1,146033.52,0
669,France,Male,37,4,0.0,1,1,0,132540.33,0
479,France,Male,34,5,117593.48,2,0,0,113308.29,0
661,France,Female,31,3,136067.82,2,1,0,65567.91,0
765,France,Male,40,6,138033.55,1,1,1,67972.45,0
622,France,Female,31,1,89688.94,1,1,1,152305.47,0
611,Germany,Female,36,10,103294.56,1,1,0,160548.12,0
576,France,Male,55,9,0.0,2,1,1,94450.97,0
493,France,Female,31,3,0.0,1,1,1,176570.28,1
714,France,Male,52,4,100755.66,1,1,1,186775.25,0
517,France,Male,41,2,0.0,2,0,1,75937.47,0
708,Germany,Female,42,8,192390.52,2,1,0,823.36,0
690,Spain,Male,49,8,116622.73,1,0,1,51011.29,0
754,France,Male,38,2,0.0,2,1,0,180698.32,0
611,France,Male,68,5,82547.11,2,1,1,146448.01,0
612,Germany,Female,36,2,130700.92,2,0,0,77592.8,0
615,France,Male,49,3,0.0,2,1,1,49872.33,0
560,France,Male,50,3,0.0,2,1,0,84531.79,0
537,Spain,Female,38,1,96939.06,1,1,1,102606.92,0
783,Spain,Female,44,3,81811.71,1,1,0,164213.53,1
523,France,Female,28,2,121164.11,1,1,1,59938.81,0
603,France,Male,44,9,0.0,1,1,0,138328.24,0
686,Spain,Male,22,5,0.0,2,1,0,158974.45,0
520,Germany,Female,31,3,108914.17,1,1,1,183572.39,1
629,Spain,Female,44,6,125512.98,2,0,0,79082.76,0
580,Spain,Male,32,9,142188.2,2,0,1,128028.6,0
602,Spain,Male,29,5,103907.28,1,1,0,161229.84,0
574,France,Female,39,2,122524.61,2,1,0,88463.63,0
613,France,Male,44,3,0.0,2,0,1,136491.72,0
709,France,Female,36,8,0.0,2,1,1,69676.55,0
502,Germany,Female,33,6,125241.17,2,1,1,158736.07,0
733,Germany,Female,33,7,187257.94,1,0,1,190430.81,0
812,France,Male,29,6,0.0,2,0,0,168023.6,0
850,France,Male,31,1,96399.31,2,1,0,106534.15,0
584,France,Female,37,1,0.0,2,1,1,180363.56,0
849,Germany,Male,41,10,84622.13,1,1,1,198072.16,0
715,France,Male,40,7,0.0,1,1,1,141359.11,0
509,France,Female,46,1,0.0,1,1,0,71244.59,1
747,Spain,Female,41,5,94521.17,2,1,0,194926.86,0
646,France,Male,18,10,0.0,2,0,1,52795.15,0
486,France,Female,39,8,97819.36,1,0,1,120531.31,0
542,France,Female,25,7,0.0,2,0,1,82393.08,0
682,Germany,Male,24,9,57929.81,2,0,0,53134.3,0
651,France,Male,36,7,0.0,2,1,0,13898.31,0
516,Germany,Male,50,7,139675.07,2,1,0,45591.23,0
649,Germany,Male,24,7,101195.23,1,0,0,133091.32,0
660,Germany,Male,24,5,85089.3,1,1,1,71638.0,0
605,France,Female,34,2,0.0,1,0,0,35982.42,0
474,Spain,Male,37,3,0.0,2,0,0,57175.32,0
804,Germany,Female,33,10,138335.96,1,1,1,80483.76,0
680,France,Male,33,10,183768.47,1,1,0,164119.35,0
565,Germany,Female,32,4,90322.99,2,0,1,118740.37,0
635,France,Female,40,10,123497.58,1,1,0,131953.23,1
681,France,Female,79,0,0.0,2,0,1,170968.99,0
833,Germany,Male,59,1,130854.59,1,1,1,30722.52,1
823,France,Male,71,5,149105.08,1,0,1,162683.06,0
634,France,Male,44,9,149961.11,1,1,0,57121.51,0
698,Germany,Male,44,10,116363.37,2,1,0,198059.16,0
696,Germany,Male,38,6,142316.14,1,1,1,8018.49,0
635,Spain,Male,41,1,0.0,2,1,0,175611.5,0
698,Germany,Male,39,9,133191.19,2,0,1,53289.49,0
689,Spain,Female,63,1,0.0,2,1,1,186526.12,0
646,Spain,Male,69,10,115462.44,1,1,0,40421.87,0
722,France,Female,35,2,163943.89,2,1,1,15068.18,0
628,France,Female,46,1,46870.43,4,1,0,31272.14,1
744,France,Male,29,1,43504.42,1,1,1,119327.75,0
576,Spain,Male,33,3,0.0,2,0,1,190112.05,0
585,France,Male,36,7,0.0,2,1,0,94283.09,0
479,Germany,Male,51,1,107714.74,3,1,0,86128.21,1
601,France,Female,43,2,0.0,1,1,0,49713.87,1
508,France,Female,38,3,166328.65,2,0,1,22614.19,0
634,Germany,Male,24,8,103097.85,1,1,1,157577.29,0
445,Germany,Female,48,7,168286.58,1,1,0,16645.77,1
682,Spain,Male,46,7,128029.72,1,1,1,62615.35,0
646,Spain,Male,25,5,182876.88,2,1,1,42537.59,1
722,Germany,Female,48,10,138311.76,1,1,1,3472.63,1
651,Germany,Female,42,1,116646.76,1,1,0,44731.8,1
776,Germany,Male,38,5,112281.7,1,0,1,89893.6,0
755,France,Male,34,3,0.0,2,1,1,158816.03,0
575,France,Male,46,1,0.0,2,1,1,65998.26,0
660,France,Female,20,6,167685.56,1,1,0,57929.9,0
593,France,Female,46,7,98752.51,1,1,0,145560.38,0
621,Germany,Male,27,1,74298.43,1,1,1,52581.96,0
704,Spain,Male,24,10,122109.78,1,1,1,127654.37,0
739,Germany,Male,40,5,149131.03,3,1,1,60036.99,1
644,France,Female,40,10,139180.97,1,1,1,19959.67,0
637,Germany,Female,46,2,143500.82,1,1,0,166996.46,1
603,France,Female,39,9,76769.68,1,0,0,48224.72,0
501,France,Male,40,4,125832.2,1,1,1,100433.83,0
706,Germany,Male,67,1,123276.69,2,1,1,86507.88,1
434,France,Male,41,4,108128.52,1,0,1,56784.11,0
734,France,Female,40,9,176914.8,1,1,1,12799.23,0
760,Spain,Male,28,1,141038.57,2,0,0,16287.38,0
709,Germany,Male,30,9,115479.48,2,1,1,134732.99,0
588,France,Female,35,0,0.0,2,1,1,155485.24,0
512,France,Female,31,7,0.0,2,0,0,49326.07,0
669,France,Female,47,9,61196.54,1,1,0,58170.24,0
516,Spain,Female,45,8,109044.3,1,0,1,115818.16,0
749,Germany,Female,40,8,141782.57,2,0,0,86333.63,0
673,Germany,Female,69,3,78833.15,2,1,1,37196.15,0
679,Germany,Male,52,9,135870.01,2,0,0,54038.62,0
539,France,Male,39,3,0.0,2,1,0,36692.17,0
726,France,Female,34,0,185734.75,1,1,1,102036.82,0
610,France,Male,41,6,0.0,3,0,0,56118.81,1
698,Spain,Male,45,5,164450.94,1,1,0,141970.02,1
575,France,Female,57,8,137936.94,1,1,1,84475.13,0
628,Spain,Female,22,3,0.0,1,1,0,85426.28,0
546,France,Male,28,8,0.0,1,1,0,159254.29,0
610,France,Male,37,0,0.0,1,1,0,114514.64,0
831,France,Female,32,2,146033.62,1,1,0,191260.74,0
581,France,Male,28,3,104367.5,1,1,1,29937.75,0
661,France,Female,31,7,144162.3,2,1,1,14490.79,0
729,Spain,Male,44,4,107726.93,2,1,0,153064.87,0
745,Germany,Male,45,10,117231.63,3,1,1,122381.02,1
709,Spain,Male,23,10,0.0,2,0,0,129590.18,0
655,France,Female,37,7,111852.84,2,1,0,10511.13,0
686,France,Female,39,3,111695.62,1,0,0,136643.84,0
589,France,Male,38,2,0.0,1,1,0,79915.28,0
623,Spain,Female,40,4,0.0,3,1,0,31669.18,0
585,France,Female,35,2,0.0,2,1,0,98621.04,1
499,France,Male,35,10,0.0,2,1,0,10722.54,0
605,France,Female,51,9,104760.82,1,1,1,165574.54,1
554,France,Female,38,3,138731.95,1,1,1,194138.36,0
603,France,Male,51,8,186825.57,1,1,0,93739.71,1
538,Germany,Female,42,4,80380.24,1,1,0,119216.46,0
692,Spain,Female,47,3,0.0,2,1,0,150802.41,1
644,France,Male,31,5,0.0,2,1,1,41872.17,0
513,France,Female,37,6,0.0,2,1,0,110142.34,0
669,France,Male,43,1,163159.85,1,0,1,15602.8,0
709,Spain,Male,62,3,0.0,2,1,1,82195.15,0
712,Germany,Male,28,4,145605.44,1,0,1,93883.53,0
351,Germany,Female,57,4,163146.46,1,1,0,169621.69,1
728,France,Male,33,8,129907.63,1,0,1,36083.96,0
580,Germany,Female,36,3,74974.89,1,1,1,12099.67,0
646,Spain,Female,42,3,99836.47,1,0,1,22909.56,0
694,France,Male,47,4,0.0,2,1,0,197528.62,0
712,Germany,Male,27,8,113174.21,2,1,0,147261.58,0
584,Germany,Female,36,4,109646.83,1,1,1,70240.79,0
535,France,Female,27,6,0.0,2,0,1,49775.58,0
639,Spain,Male,34,7,149940.04,2,0,0,156648.81,0
732,Spain,Female,33,8,111379.55,1,1,1,45098.62,0
681,Germany,Male,31,4,97338.19,2,0,0,48226.76,0
632,Germany,Male,41,3,126550.7,1,0,0,177644.52,1
769,France,Male,29,4,145471.37,1,1,0,188382.77,0
825,Germany,Female,35,6,118336.95,1,1,0,26342.33,1
841,Spain,Male,28,4,0.0,2,1,1,179436.6,0
627,Germany,Female,33,4,83199.05,1,0,0,159334.93,0
742,Spain,Male,24,8,0.0,2,1,0,4070.28,0
571,France,Female,23,10,151097.28,1,0,1,17163.75,0
763,Germany,Male,32,9,160680.41,1,1,0,30886.35,0
567,France,Male,59,3,0.0,2,1,0,25843.7,1
636,France,Male,34,8,0.0,2,1,0,38570.13,0
690,France,Female,26,3,118097.87,1,1,0,61257.83,0
452,Spain,Male,44,3,88915.85,1,1,0,69697.74,0
793,France,Male,56,8,119496.25,2,1,0,29880.99,0
